candidate_id,rank,score,reasoning
CAND_0000031,1,1.0014,"Recommendation Systems Engineer with 6.0 years of experience. Demonstrates expertise in Faiss, Pinecone, Embeddings. Strong engagement signals (91% response rate)."
CAND_0062247,2,0.9752,"AI Engineer with 7.3 years of experience. Demonstrates expertise in Pinecone, Qdrant, Information Retrieval."
CAND_0041669,3,0.9718,"Recommendation Systems Engineer with 8.0 years of experience. Demonstrates expertise in Faiss, Weaviate, Information Retrieval."
CAND_0026532,4,0.9716,"Recommendation Systems Engineer with 4.8 years of experience. Demonstrates expertise in Embeddings, Information Retrieval, Pinecone. Slightly below 5-year ideal band, but strong relevance."
CAND_0066999,5,0.9697,"Recommendation Systems Engineer with 5.9 years of experience. Demonstrates expertise in Faiss, Pinecone, Information Retrieval."
CAND_0055992,6,0.9684,"AI Engineer with 16.9 years of experience. Demonstrates expertise in Information Retrieval, Faiss, Embeddings. Highly experienced with deep domain knowledge."
CAND_0015528,7,0.9538,"Applied ML Engineer with 7.4 years of experience. Demonstrates expertise in Weaviate, Information Retrieval, Faiss."
CAND_0084819,8,0.9509,"Search Engineer with 4.5 years of experience. Demonstrates expertise in Weaviate, Information Retrieval. Slightly below 5-year ideal band, but strong relevance."
CAND_0006557,9,0.9468,"NLP Engineer with 7.9 years of experience. Demonstrates expertise in Weaviate, Faiss, Pinecone."
CAND_0042506,10,0.9456,"Search Engineer with 4.2 years of experience. Demonstrates expertise in Information Retrieval, Qdrant, Faiss. Slightly below 5-year ideal band, but strong relevance."
CAND_0077337,11,0.9452,"Staff Machine Learning Engineer with 7.0 years of experience. Demonstrates expertise in Pinecone, Information Retrieval, Qdrant. Strong engagement signals (95% response rate)."
CAND_0020877,12,0.9406,"Applied ML Engineer with 5.1 years of experience. Demonstrates expertise in Information Retrieval, Weaviate, Qdrant."
CAND_0043860,13,0.94,"Junior ML Engineer with 6.1 years of experience. Demonstrates expertise in Information Retrieval, Qdrant. Strong engagement signals (81% response rate)."
CAND_0017960,14,0.9371,"Recommendation Systems Engineer with 7.7 years of experience. Demonstrates expertise in Qdrant, Python, Information Retrieval."
CAND_0070485,15,0.9367,"Search Engineer with 6.4 years of experience. Demonstrates expertise in Faiss, Information Retrieval."
CAND_0071974,16,0.9358,"Senior AI Engineer with 7.8 years of experience. Demonstrates expertise in Weaviate, Pinecone, Information Retrieval."
CAND_0047721,17,0.9325,"Senior Data Scientist with 7.0 years of experience. Demonstrates expertise in Information Retrieval, Faiss, Qdrant."
CAND_0008425,18,0.9298,"Senior NLP Engineer with 7.8 years of experience. Demonstrates expertise in Qdrant, Python, Information Retrieval."
CAND_0061265,19,0.9291,"Recommendation Systems Engineer with 6.6 years of experience. Demonstrates expertise in Qdrant, Embeddings. Strong engagement signals (94% response rate)."
CAND_0036437,20,0.9257,"Search Engineer with 4.8 years of experience. Demonstrates expertise in Weaviate, Faiss. Slightly below 5-year ideal band, but strong relevance. Strong engagement signals (87% response rate)."
CAND_0065195,21,0.9256,Search Engineer with 5.1 years of experience. Demonstrates expertise in Qdrant.
CAND_0066376,22,0.9241,"Applied ML Engineer with 5.7 years of experience. Demonstrates expertise in Information Retrieval, Faiss."
CAND_0074735,23,0.9223,"Applied ML Engineer with 5.5 years of experience. Demonstrates expertise in Weaviate, Information Retrieval."
CAND_0095619,24,0.9207,"NLP Engineer with 15.6 years of experience. Demonstrates expertise in Pinecone, Weaviate, Information Retrieval. Highly experienced with deep domain knowledge. Strong engagement signals (90% response rate)."
CAND_0046525,25,0.9196,"Senior Machine Learning Engineer with 6.1 years of experience. Demonstrates expertise in Information Retrieval, Qdrant. Strong engagement signals (88% response rate)."
CAND_0033749,26,0.9185,"Computer Vision Engineer with 4.7 years of experience. Demonstrates expertise in Python, Qdrant, Information Retrieval. Slightly below 5-year ideal band, but strong relevance."
CAND_0061339,27,0.9138,"Search Engineer with 4.2 years of experience. Demonstrates expertise in Information Retrieval. Slightly below 5-year ideal band, but strong relevance. Strong engagement signals (90% response rate)."
CAND_0044890,28,0.9137,"AI Research Engineer with 5.0 years of experience. Demonstrates expertise in Faiss, Information Retrieval."
CAND_0007460,29,0.9113,"AI Engineer with 4.7 years of experience. Demonstrates expertise in Embeddings, Weaviate, Information Retrieval. Slightly below 5-year ideal band, but strong relevance."
CAND_0043829,30,0.9093,"AI Research Engineer with 4.8 years of experience. Demonstrates expertise in Qdrant, Information Retrieval. Slightly below 5-year ideal band, but strong relevance."
CAND_0018549,31,0.9083,"Recommendation Systems Engineer with 6.8 years of experience. Demonstrates expertise in Weaviate, Qdrant."
CAND_0025640,32,0.9059,"AI Research Engineer with 5.6 years of experience. Demonstrates expertise in Information Retrieval, Faiss. Strong engagement signals (87% response rate)."
CAND_0064326,33,0.9058,"Search Engineer with 7.6 years of experience. Demonstrates expertise in Weaviate, Python. Strong engagement signals (94% response rate)."
CAND_0013536,34,0.9053,"Applied ML Engineer with 14.1 years of experience. Demonstrates expertise in Embeddings, Pinecone, Faiss. Highly experienced with deep domain knowledge. Strong engagement signals (87% response rate)."
CAND_0045613,35,0.905,"Computer Vision Engineer with 5.0 years of experience. Demonstrates expertise in Pinecone, Information Retrieval, Qdrant."
CAND_0052706,36,0.9043,"AI Research Engineer with 5.1 years of experience. Demonstrates expertise in Pinecone, Information Retrieval, Weaviate."
CAND_0030031,37,0.903,"AI Engineer with 5.7 years of experience. Demonstrates expertise in Information Retrieval, Python. Strong engagement signals (94% response rate)."
CAND_0012957,38,0.9016,"Search Engineer with 4.9 years of experience. Demonstrates expertise in Qdrant, Python, Embeddings. Slightly below 5-year ideal band, but strong relevance."
CAND_0050454,39,0.9015,"AI Engineer with 6.8 years of experience. Demonstrates expertise in Faiss, Qdrant."
CAND_0099401,40,0.9013,"NLP Engineer with 7.7 years of experience. Demonstrates expertise in Embeddings, Qdrant, Information Retrieval."
CAND_0044222,41,0.901,"AI Engineer with 7.7 years of experience. Demonstrates expertise in Qdrant, Weaviate."
CAND_0005649,42,0.8982,"Senior Data Scientist with 7.4 years of experience. Demonstrates expertise in Weaviate, Information Retrieval."
CAND_0058146,43,0.8976,"AI Research Engineer with 5.1 years of experience. Demonstrates expertise in Information Retrieval, Qdrant."
CAND_0002120,44,0.8973,"ML Engineer with 6.5 years of experience. Demonstrates expertise in Information Retrieval, Pinecone, Embeddings."
CAND_0007391,45,0.8972,"Data Scientist with 4.3 years of experience. Demonstrates expertise in Python, Information Retrieval, Pinecone. Slightly below 5-year ideal band, but strong relevance."
CAND_0011125,46,0.8967,"Junior ML Engineer with 6.6 years of experience. Demonstrates expertise in Information Retrieval, Embeddings, Weaviate."
CAND_0076904,47,0.8964,"Senior Data Scientist with 4.2 years of experience. Demonstrates expertise in Information Retrieval, Weaviate. Slightly below 5-year ideal band, but strong relevance."
CAND_0061156,48,0.8959,"Senior Software Engineer (ML) with 6.0 years of experience. Demonstrates expertise in Weaviate, Python, Information Retrieval."
CAND_0044855,49,0.8953,"Senior Data Scientist with 6.6 years of experience. Demonstrates expertise in Information Retrieval, Pinecone, Qdrant."
CAND_0060054,50,0.8953,"AI Engineer with 6.4 years of experience. Demonstrates expertise in Weaviate, Faiss. Strong engagement signals (86% response rate)."
CAND_0063328,51,0.8927,"Computer Vision Engineer with 4.6 years of experience. Demonstrates expertise in Faiss, Information Retrieval. Slightly below 5-year ideal band, but strong relevance."
CAND_0097896,52,0.8914,"AI Research Engineer with 4.8 years of experience. Demonstrates expertise in Information Retrieval, Qdrant. Slightly below 5-year ideal band, but strong relevance."
CAND_0083852,53,0.8911,"Data Scientist with 6.0 years of experience. Demonstrates expertise in Qdrant, Pinecone, Information Retrieval. Strong engagement signals (85% response rate)."
CAND_0018499,54,0.8904,"Senior Machine Learning Engineer with 7.2 years of experience. Demonstrates expertise in Weaviate, Pinecone, Information Retrieval."
CAND_0066035,55,0.8896,"Data Scientist with 6.7 years of experience. Demonstrates expertise in Information Retrieval, Weaviate."
CAND_0011162,56,0.8893,"Recommendation Systems Engineer with 5.8 years of experience. Demonstrates expertise in Faiss, Pinecone, Python."
CAND_0081846,57,0.8886,"Lead AI Engineer with 6.7 years of experience. Demonstrates expertise in Information Retrieval, Python, Embeddings."
CAND_0081686,58,0.8885,"Search Engineer with 6.0 years of experience. Demonstrates expertise in Embeddings, Faiss, Python. Strong engagement signals (91% response rate)."
CAND_0091899,59,0.8877,"Senior Software Engineer (ML) with 5.8 years of experience. Demonstrates expertise in Faiss, Information Retrieval."
CAND_0015065,60,0.8871,"AI Research Engineer with 3.9 years of experience. Demonstrates expertise in Embeddings, Qdrant, Information Retrieval. Slightly below 5-year ideal band, but strong relevance. Strong engagement signals (84% response rate)."
CAND_0022870,61,0.8865,"AI Specialist with 6.7 years of experience. Demonstrates expertise in Information Retrieval, Qdrant, Python."
CAND_0099806,62,0.8853,"AI Engineer with 4.6 years of experience. Demonstrates expertise in Faiss, Embeddings, Weaviate. Slightly below 5-year ideal band, but strong relevance."
CAND_0028793,63,0.8838,"Search Engineer with 7.2 years of experience. Demonstrates expertise in Embeddings, Information Retrieval."
CAND_0076163,64,0.8837,"NLP Engineer with 6.9 years of experience. Demonstrates expertise in Weaviate, Python. Strong engagement signals (84% response rate)."
CAND_0011687,65,0.8825,"Senior NLP Engineer with 7.8 years of experience. Demonstrates expertise in Faiss, Embeddings, Weaviate. Strong engagement signals (89% response rate)."
CAND_0077285,66,0.882,"Recommendation Systems Engineer with 5.5 years of experience. Demonstrates expertise in Pinecone, Embeddings, Information Retrieval."
CAND_0022812,67,0.8817,"Applied ML Engineer with 4.5 years of experience. Demonstrates expertise in Weaviate, Pinecone, Qdrant. Slightly below 5-year ideal band, but strong relevance."
CAND_0064904,68,0.8811,"AI Engineer with 4.9 years of experience. Demonstrates expertise in Embeddings, Python, Weaviate. Slightly below 5-year ideal band, but strong relevance."
CAND_0079284,69,0.88,"Machine Learning Engineer with 4.9 years of experience. Demonstrates expertise in Qdrant. Slightly below 5-year ideal band, but strong relevance."
CAND_0036184,70,0.8776,"Recommendation Systems Engineer with 6.0 years of experience. Demonstrates expertise in Faiss, Embeddings, Pinecone. Strong engagement signals (90% response rate)."
CAND_0054318,71,0.8768,"AI Research Engineer with 3.5 years of experience. Demonstrates expertise in Information Retrieval, Faiss, Python. Slightly below 5-year ideal band, but strong relevance. Strong engagement signals (87% response rate)."
CAND_0022594,72,0.8758,"Sales Executive with 9.9 years of experience. Demonstrates expertise in Embeddings, Faiss, Information Retrieval. Highly experienced with deep domain knowledge."
CAND_0024620,73,0.8756,"AI Engineer with 5.9 years of experience. Demonstrates expertise in Information Retrieval, Python."
CAND_0079064,74,0.8753,Senior Data Scientist with 5.2 years of experience. Demonstrates expertise in Pinecone. Strong engagement signals (91% response rate).
CAND_0068393,75,0.875,"Junior ML Engineer with 4.4 years of experience. Demonstrates expertise in Information Retrieval, Qdrant, Faiss. Slightly below 5-year ideal band, but strong relevance."
CAND_0051004,76,0.8747,"Senior Data Scientist with 4.7 years of experience. Demonstrates expertise in Embeddings, Qdrant. Slightly below 5-year ideal band, but strong relevance."
CAND_0018722,77,0.8729,"Recommendation Systems Engineer with 6.6 years of experience. Demonstrates expertise in Weaviate, Python."
CAND_0006209,78,0.8727,"AI Specialist with 3.9 years of experience. Demonstrates expertise in Information Retrieval, Pinecone. Slightly below 5-year ideal band, but strong relevance."
CAND_0075249,79,0.8723,Applied ML Engineer with 6.2 years of experience. Demonstrates expertise in Pinecone. Strong engagement signals (82% response rate).
CAND_0009024,80,0.8715,"Search Engineer with 5.2 years of experience. Demonstrates expertise in Qdrant, Faiss."
CAND_0030953,81,0.8705,"Search Engineer with 7.8 years of experience. Demonstrates expertise in Qdrant, Python, Weaviate."
CAND_0007009,82,0.8699,"Recommendation Systems Engineer with 7.9 years of experience. Demonstrates expertise in Weaviate, Python, Embeddings."
CAND_0006418,83,0.8699,"Machine Learning Engineer with 5.7 years of experience. Demonstrates expertise in Embeddings, Weaviate, Qdrant. Strong engagement signals (92% response rate)."
CAND_0076251,84,0.8685,Search Engineer with 7.6 years of experience. Demonstrates expertise in Weaviate.
CAND_0068811,85,0.8675,"Applied ML Engineer with 8.0 years of experience. Demonstrates expertise in Qdrant, Embeddings, Pinecone."
CAND_0075439,86,0.8669,"Machine Learning Engineer with 4.3 years of experience. Demonstrates expertise in Information Retrieval, Embeddings. Slightly below 5-year ideal band, but strong relevance."
CAND_0093193,87,0.8666,"Senior Machine Learning Engineer with 7.9 years of experience. Demonstrates expertise in Ranking Systems, Qdrant, Information Retrieval Systems."
CAND_0029336,88,0.8661,"ML Engineer with 3.8 years of experience. Demonstrates expertise in Information Retrieval, Weaviate. Slightly below 5-year ideal band, but strong relevance."
CAND_0081852,89,0.8658,Senior Data Scientist with 5.9 years of experience. Demonstrates expertise in Weaviate.
CAND_0059240,90,0.8652,"Junior ML Engineer with 4.0 years of experience. Demonstrates expertise in Information Retrieval, Python, Faiss. Slightly below 5-year ideal band, but strong relevance."
CAND_0083307,91,0.8648,"Search Engineer with 7.8 years of experience. Demonstrates expertise in Embeddings, Pinecone, Weaviate."
CAND_0056058,92,0.8644,"Junior ML Engineer with 3.4 years of experience. Demonstrates expertise in Python, Qdrant, Faiss. Slightly below 5-year ideal band, but strong relevance. Strong engagement signals (81% response rate)."
CAND_0005260,93,0.8629,"Senior NLP Engineer with 5.2 years of experience. Demonstrates expertise in Information Retrieval, Python, Embeddings. Strong engagement signals (86% response rate)."
CAND_0039582,94,0.8623,"Sales Executive with 6.0 years of experience. Demonstrates expertise in Pinecone, Embeddings, Information Retrieval."
CAND_0000165,95,0.8623,"AI Specialist with 6.8 years of experience. Demonstrates expertise in Information Retrieval, Qdrant."
CAND_0024466,96,0.8604,Search Engineer with 5.2 years of experience. Demonstrates expertise in Pinecone.
CAND_0006821,97,0.8602,"Senior Software Engineer (ML) with 5.0 years of experience. Demonstrates expertise in Faiss, Information Retrieval, Embeddings."
CAND_0039383,98,0.8601,Applied ML Engineer with 7.1 years of experience. Demonstrates expertise in Faiss.
CAND_0049896,99,0.8594,Search Engineer with 7.3 years of experience. Demonstrates expertise in Information Retrieval.
CAND_0074225,100,0.8592,"Machine Learning Engineer with 4.3 years of experience. Demonstrates expertise in Python, Qdrant. Slightly below 5-year ideal band, but strong relevance. Strong engagement signals (91% response rate)."
